title,title_detail,link,links,author,authors,published,published_parsed,tags,id,guidislink,summary,source,appids,title_summary,nouns,date_str
"Oh Yeah, Into The Breach Is Back, Baby","{'type': 'text/plain', 'language': None, 'base': 'https://kotaku.com/rss', 'value': 'Oh Yeah, Into The Breach Is Back, Baby'}",https://kotaku.com/into-the-breach-mobile-ios-android-netflix-advanced-edi-1849103038,"[{'rel': 'alternate', 'type': 'text/html', 'href': 'https://kotaku.com/into-the-breach-mobile-ios-android-netflix-advanced-edi-1849103038'}]",Luke Plunkett,[{'name': 'Luke Plunkett'}],"Fri, 24 Jun 2022 01:40:00 GMT","time.struct_time(tm_year=2022, tm_mon=6, tm_mday=24, tm_hour=1, tm_min=40, tm_sec=0, tm_wday=4, tm_yday=175, tm_isdst=0)","[{'term': 'breach', 'scheme': None, 'label': None}, {'term': 'nerd culture', 'scheme': None, 'label': None}, {'term': 'netflix', 'scheme': None, 'label': None}, {'term': 'games', 'scheme': None, 'label': None}, {'term': 'riley', 'scheme': None, 'label': None}, {'term': 'dungeons dragons', 'scheme': None, 'label': None}]",1849103038,False,"into the breach is one of the greatest turn-based tactics games of all time, so it was an absolute joy earlier today to hear that it is about to be updated with all kinds of new stuff.read more...",kotaku,,"Oh Yeah, Into The Breach Is Back, Baby into the breach is one of the greatest turn-based tactics games of all time, so it was an absolute joy earlier today to hear that it is about to be updated with all kinds of new stuff.read more...","['all kinds', 'all time', 'new stuff.read', 'baby', 'an absolute joy', 'the greatest turn-based tactics games', 'the breach']",2022-06-24 01:40:00
"Goodbye Zachtronics, Developers Of Very Cool Video Games","{'type': 'text/plain', 'language': None, 'base': 'https://kotaku.com/rss', 'value': 'Goodbye Zachtronics, Developers Of Very Cool Video Games'}",https://kotaku.com/zachtronics-farewell-goodbye-closing-eliza-last-call-bb-1849096767,"[{'rel': 'alternate', 'type': 'text/html', 'href': 'https://kotaku.com/zachtronics-farewell-goodbye-closing-eliza-last-call-bb-1849096767'}]",Luke Plunkett,[{'name': 'Luke Plunkett'}],"Fri, 24 Jun 2022 00:30:00 GMT","time.struct_time(tm_year=2022, tm_mon=6, tm_mday=24, tm_hour=0, tm_min=30, tm_sec=0, tm_wday=4, tm_yday=175, tm_isdst=0)","[{'term': 'zachtronics', 'scheme': None, 'label': None}, {'term': 'software', 'scheme': None, 'label': None}, {'term': 'windows games', 'scheme': None, 'label': None}, {'term': 'single player video games', 'scheme': None, 'label': None}, {'term': 'linux games', 'scheme': None, 'label': None}, {'term': 'activision', 'scheme': None, 'label': None}, {'term': 'spacechem', 'scheme': None, 'label': None}, {'term': 'eliza fahey', 'scheme': None, 'label': None}, {'term': 'exapunks', 'scheme': None, 'label': None}, {'term': 'opus magnum', 'scheme': None, 'label': None}, {'term': 'puzzle video games', 'scheme': None, 'label': None}, {'term': 'matthew burns', 'scheme': None, 'label': None}, {'term': 'zach barth', 'scheme': None, 'label': None}, {'term': 'programming games', 'scheme': None, 'label': None}, {'term': 'computing', 'scheme': None, 'label': None}, {'term': 'video gaming', 'scheme': None, 'label': None}]",1849096767,False,"on july 5, zachtronics will be releasing last call bbs, a collection of stylish little puzzle games wrapped up in a retro pc gaming vibe. after 11 years in business (and even longer outside of commercial releases), a time which has seen the studio develop a cult following almost unrivalled in indie gaming, it will be…read more...",kotaku,92800,"Goodbye Zachtronics, Developers Of Very Cool Video Games on july 5, zachtronics will be releasing last call bbs, a collection of stylish little puzzle games wrapped up in a retro pc gaming vibe. after 11 years in business (and even longer outside of commercial releases), a time which has seen the studio develop a cult following almost unrivalled in indie gaming, it will be…read more...","['indie gaming', 'developers', 'goodbye zachtronics', 'last call bbs', 'a cult', 'stylish little puzzle games', 'business', 'very cool video games', 'july', 'a retro pc gaming vibe', 'zachtronics', 'a collection', 'commercial releases', 'the studio', '11 years']",2022-06-24 00:30:00
"$15,000 Later, Diablo Immortal Player Finally Has His Legendary Gem","{'type': 'text/plain', 'language': None, 'base': 'https://kotaku.com/rss', 'value': '$15,000 Later, Diablo Immortal Player Finally Has His Legendary Gem'}",https://kotaku.com/diablo-immortal-gacha-loot-microtransaction-spending-qu-1849102569,"[{'rel': 'alternate', 'type': 'text/html', 'href': 'https://kotaku.com/diablo-immortal-gacha-loot-microtransaction-spending-qu-1849102569'}]",Luke Plunkett,[{'name': 'Luke Plunkett'}],"Thu, 23 Jun 2022 23:30:00 GMT","time.struct_time(tm_year=2022, tm_mon=6, tm_mday=23, tm_hour=23, tm_min=30, tm_sec=0, tm_wday=3, tm_yday=174, tm_isdst=0)","[{'term': 'diablo', 'scheme': None, 'label': None}, {'term': 'immortal', 'scheme': None, 'label': None}, {'term': 'windows games', 'scheme': None, 'label': None}, {'term': 'role playing video games', 'scheme': None, 'label': None}, {'term': 'video games with isometric graphics', 'scheme': None, 'label': None}, {'term': 'video games', 'scheme': None, 'label': None}, {'term': 'blizzard games', 'scheme': None, 'label': None}, {'term': 'creative works', 'scheme': None, 'label': None}, {'term': 'multiplayer online games', 'scheme': None, 'label': None}, {'term': 'kotaku au', 'scheme': None, 'label': None}, {'term': 'human interest', 'scheme': None, 'label': None}, {'term': 'quin', 'scheme': None, 'label': None}]",1849102569,False,"the last time we checked in on streamer quin and his attempts to buy his way to glory in diablo immortal, he had spent $6600 and not attained a single 5-star legendary gem. i am happy (?) to report that, after more than doubling his investment, he finally has his loot.read more...",kotaku,,"$15,000 Later, Diablo Immortal Player Finally Has His Legendary Gem the last time we checked in on streamer quin and his attempts to buy his way to glory in diablo immortal, he had spent $6600 and not attained a single 5-star legendary gem. i am happy (?) to report that, after more than doubling his investment, he finally has his loot.read more...","['his loot.read', 'his legendary gem', 'his investment', 'diablo immortal player', 'his way', 'a single 5-star legendary gem', 'diablo immortal', 'glory']",2022-06-23 23:30:00
"Ubisoft CEO Takes $300,000 Pay Cut After Company’s Poor Performance","{'type': 'text/plain', 'language': None, 'base': 'https://kotaku.com/rss', 'value': 'Ubisoft CEO Takes $300,000 Pay Cut After Company’s Poor Performance'}",https://kotaku.com/ubisoft-ceo-yves-guillemot-assassin-s-creed-valhalla-pa-1849102248,"[{'rel': 'alternate', 'type': 'text/html', 'href': 'https://kotaku.com/ubisoft-ceo-yves-guillemot-assassin-s-creed-valhalla-pa-1849102248'}]",Ian Walker,[{'name': 'Ian Walker'}],"Thu, 23 Jun 2022 22:25:00 GMT","time.struct_time(tm_year=2022, tm_mon=6, tm_mday=23, tm_hour=22, tm_min=25, tm_sec=0, tm_wday=3, tm_yday=174, tm_isdst=0)","[{'term': 'ubisoft', 'scheme': None, 'label': None}, {'term': 'creative works', 'scheme': None, 'label': None}, {'term': 'nintendo', 'scheme': None, 'label': None}, {'term': 'guillemot', 'scheme': None, 'label': None}, {'term': 'seine saint denis', 'scheme': None, 'label': None}, {'term': 'yves', 'scheme': None, 'label': None}, {'term': 'action adventure games', 'scheme': None, 'label': None}, {'term': 'labor', 'scheme': None, 'label': None}, {'term': 'video game publishers', 'scheme': None, 'label': None}, {'term': 'video games', 'scheme': None, 'label': None}, {'term': 'business finance', 'scheme': None, 'label': None}, {'term': 'assassins creed', 'scheme': None, 'label': None}, {'term': 'yves guillemot', 'scheme': None, 'label': None}]",1849102248,False,"the latest ubisoft earnings reports shared that longtime chief executive yves guillemot will voluntarily take a sizable pay cut totaling €310,607 (around $327,000 usd).read more...",kotaku,,"Ubisoft CEO Takes $300,000 Pay Cut After Company’s Poor Performance the latest ubisoft earnings reports shared that longtime chief executive yves guillemot will voluntarily take a sizable pay cut totaling €310,607 (around $327,000 usd).read more...","['the latest ubisoft earnings reports', 'usd).read', 'company’s poor performance', '$300,000 pay cut', 'ubisoft ceo', 'a sizable pay cut', 'longtime chief executive yves guillemot']",2022-06-23 22:25:00
The Nintendo Switch Has A Big Summer Sale Right Now,"{'type': 'text/plain', 'language': None, 'base': 'https://kotaku.com/rss', 'value': 'The Nintendo Switch Has A Big Summer Sale Right Now'}",https://kotaku.com/nintendo-switch-summer-sale-discounts-mario-skyrim-star-1849102147,"[{'rel': 'alternate', 'type': 'text/html', 'href': 'https://kotaku.com/nintendo-switch-summer-sale-discounts-mario-skyrim-star-1849102147'}]",Ethan Gach,[{'name': 'Ethan Gach'}],"Thu, 23 Jun 2022 22:10:00 GMT","time.struct_time(tm_year=2022, tm_mon=6, tm_mday=23, tm_hour=22, tm_min=10, tm_sec=0, tm_wday=3, tm_yday=174, tm_isdst=0)","[{'term': 'nintendo', 'scheme': None, 'label': None}, {'term': 'nintendo switch', 'scheme': None, 'label': None}, {'term': 'wii u', 'scheme': None, 'label': None}, {'term': 'diddy kong', 'scheme': None, 'label': None}, {'term': 'mario', 'scheme': None, 'label': None}, {'term': 'video games', 'scheme': None, 'label': None}, {'term': 'monster hunter rise', 'scheme': None, 'label': None}, {'term': 'video games developed in japan', 'scheme': None, 'label': None}, {'term': 'donkey kong', 'scheme': None, 'label': None}, {'term': 'home video game consoles', 'scheme': None, 'label': None}, {'term': 'video game sequels', 'scheme': None, 'label': None}, {'term': 'video game consoles', 'scheme': None, 'label': None}]",1849102147,False,"the dog days of summer are officially here. whether you’re trying to take your mind off the heat or the bad headlines, you’re in luck: nintendo is currently running a major sale on digital switch games. cool off with donkey kong country: tropical freeze or mind-meld with a sentient hat in super mario odyssey for 30%…read more...",kotaku,1446780,"The Nintendo Switch Has A Big Summer Sale Right Now the dog days of summer are officially here. whether you’re trying to take your mind off the heat or the bad headlines, you’re in luck: nintendo is currently running a major sale on digital switch games. cool off with donkey kong country: tropical freeze or mind-meld with a sentient hat in super mario odyssey for 30%…read more...","['nintendo', 'the dog days', 'your mind', 'a major sale', 'donkey kong country', 'digital switch games', 'tropical freeze', 'the heat', 'the nintendo switch', 'a big summer sale', 'mind-meld', 'a sentient hat', 'the bad headlines', 'summer', 'super mario odyssey', 'luck']",2022-06-23 22:10:00
"Devs Share The Wild, Secret Hacks Your Favorite Games Rely On","{'type': 'text/plain', 'language': None, 'base': 'https://kotaku.com/rss', 'value': 'Devs Share The Wild, Secret Hacks Your Favorite Games Rely On'}",https://kotaku.com/dirty-tricks-secrets-hacks-devs-assassin-s-creed-horses-1849102054,"[{'rel': 'alternate', 'type': 'text/html', 'href': 'https://kotaku.com/dirty-tricks-secrets-hacks-devs-assassin-s-creed-horses-1849102054'}]",Zack Zwiezen,[{'name': 'Zack Zwiezen'}],"Thu, 23 Jun 2022 21:50:00 GMT","time.struct_time(tm_year=2022, tm_mon=6, tm_mday=23, tm_hour=21, tm_min=50, tm_sec=0, tm_wday=3, tm_yday=174, tm_isdst=0)","[{'term': 'charles randall', 'scheme': None, 'label': None}, {'term': 'windows games', 'scheme': None, 'label': None}, {'term': 'parkes haskell', 'scheme': None, 'label': None}, {'term': 'georg zoeller', 'scheme': None, 'label': None}, {'term': 'luke parkes', 'scheme': None, 'label': None}, {'term': 'malik', 'scheme': None, 'label': None}, {'term': 'kotaku', 'scheme': None, 'label': None}, {'term': 'logan', 'scheme': None, 'label': None}, {'term': 'minecraft', 'scheme': None, 'label': None}, {'term': 'rpg', 'scheme': None, 'label': None}, {'term': 'rolf klischewski', 'scheme': None, 'label': None}, {'term': 'alex zandra', 'scheme': None, 'label': None}, {'term': 'half life 2', 'scheme': None, 'label': None}, {'term': 'taylor swope', 'scheme': None, 'label': None}, {'term': 'steve', 'scheme': None, 'label': None}, {'term': 'obsidian', 'scheme': None, 'label': None}, {'term': 'nate purkeypile', 'scheme': None, 'label': None}]",1849102054,False,did you know all the horses in assassin’s creed 1 are built using really fucked up human skeletons? or that titan quest used invisible squirrels as in-game timers? all of this is true and is more proof that games are mostly wild collections of code and hope that have more in common with miracles than they do with…read more...,kotaku,,"Devs Share The Wild, Secret Hacks Your Favorite Games Rely On did you know all the horses in assassin’s creed 1 are built using really fucked up human skeletons? or that titan quest used invisible squirrels as in-game timers? all of this is true and is more proof that games are mostly wild collections of code and hope that have more in common with miracles than they do with…read more...","['that titan quest', 'more proof', 'code', 'your favorite games', 'the wild, secret hacks', 'miracles', 'human skeletons', 'games', 'all the horses', 'game', 'assassin', 'creed', 'wild collections', 'invisible squirrels']",2022-06-23 21:50:00
"Overwatch 2 Will Replace The Original, Making It Unplayable In October","{'type': 'text/plain', 'language': None, 'base': 'https://kotaku.com/rss', 'value': 'Overwatch 2 Will Replace The Original, Making It Unplayable In October'}",https://kotaku.com/overwatch-2-october-release-date-multiplatform-replace-1849101931,"[{'rel': 'alternate', 'type': 'text/html', 'href': 'https://kotaku.com/overwatch-2-october-release-date-multiplatform-replace-1849101931'}]",Jeremy Winslow,[{'name': 'Jeremy Winslow'}],"Thu, 23 Jun 2022 21:25:00 GMT","time.struct_time(tm_year=2022, tm_mon=6, tm_mday=23, tm_hour=21, tm_min=25, tm_sec=0, tm_wday=3, tm_yday=174, tm_isdst=0)","[{'term': 'overwatch', 'scheme': None, 'label': None}, {'term': 'creative works', 'scheme': None, 'label': None}, {'term': 'activision blizzard', 'scheme': None, 'label': None}, {'term': 'multiplayer video games', 'scheme': None, 'label': None}, {'term': 'transmedia storytelling', 'scheme': None, 'label': None}, {'term': 'jeff kaplan', 'scheme': None, 'label': None}, {'term': 'setting', 'scheme': None, 'label': None}, {'term': 'aaron keller', 'scheme': None, 'label': None}, {'term': 'multiplayer online games', 'scheme': None, 'label': None}, {'term': 'tracer', 'scheme': None, 'label': None}, {'term': 'first person shooters', 'scheme': None, 'label': None}, {'term': 'queen', 'scheme': None, 'label': None}, {'term': 'video games', 'scheme': None, 'label': None}, {'term': 'development of overwatch', 'scheme': None, 'label': None}]",1849101931,False,"if you had a sneaking suspicion that blizzard’s currently in-beta hero shooter overwatch 2 would affect the 2016 original game in some way, you were absolutely correct. it turns out that when the upcoming sequel drops on october 4, it will straight-up replace overwatch, rendering that now seven-year-old game…read more...",kotaku,,"Overwatch 2 Will Replace The Original, Making It Unplayable In October if you had a sneaking suspicion that blizzard’s currently in-beta hero shooter overwatch 2 would affect the 2016 original game in some way, you were absolutely correct. it turns out that when the upcoming sequel drops on october 4, it will straight-up replace overwatch, rendering that now seven-year-old game…read more...","['the 2016 original game', 'straight-up replace overwatch', 'that blizzard', 'some way', 'october', 'the upcoming sequel', 'now seven-year-old game', 'beta', 'a sneaking suspicion']",2022-06-23 21:25:00
Let’s Discuss The Mind-Blowing Ending To Obi-Wan,"{'type': 'text/plain', 'language': None, 'base': 'https://kotaku.com/rss', 'value': 'Let’s Discuss The Mind-Blowing Ending To Obi-Wan'}",https://kotaku.com/obi-wan-finale-disney-plus-star-wars-anakin-darth-vader-1849101661,"[{'rel': 'alternate', 'type': 'text/html', 'href': 'https://kotaku.com/obi-wan-finale-disney-plus-star-wars-anakin-darth-vader-1849101661'}]","Ari Notis, Ethan Gach,  and Zack Zwiezen","[{'name': 'Ari Notis, Ethan Gach,  and Zack Zwiezen'}]","Thu, 23 Jun 2022 21:00:00 GMT","time.struct_time(tm_year=2022, tm_mon=6, tm_mday=23, tm_hour=21, tm_min=0, tm_sec=0, tm_wday=3, tm_yday=174, tm_isdst=0)","[{'term': 'obi wan', 'scheme': None, 'label': None}, {'term': 'obi', 'scheme': None, 'label': None}, {'term': 'the', 'scheme': None, 'label': None}, {'term': 'star wars episode iii revenge of the sith', 'scheme': None, 'label': None}, {'term': 'well', 'scheme': None, 'label': None}, {'term': 'darth vader', 'scheme': None, 'label': None}, {'term': 'andor', 'scheme': None, 'label': None}, {'term': 'lucas', 'scheme': None, 'label': None}, {'term': 'boba fett', 'scheme': None, 'label': None}, {'term': 'padme', 'scheme': None, 'label': None}, {'term': 'yoda', 'scheme': None, 'label': None}, {'term': 'qui gon jinn', 'scheme': None, 'label': None}, {'term': 'obi wan kenobi', 'scheme': None, 'label': None}, {'term': 'jedi', 'scheme': None, 'label': None}, {'term': 'ari qui gon', 'scheme': None, 'label': None}, {'term': 'krennic', 'scheme': None, 'label': None}, {'term': 'ethan ethan', 'scheme': None, 'label': None}, {'term': 'ethan darth maul', 'scheme': None, 'label': None}, {'term': 'anakin', 'scheme': None, 'label': None}, {'term': 'luke his', 'scheme': None, 'label': None}, {'term': 'ari obi wan', 'scheme': None, 'label': None}, {'term': 'zack obi wan', 'scheme': None, 'label': None}, {'term': 'fictional cyborgs', 'scheme': None, 'label': None}, {'term': 'zack lol', 'scheme': None, 'label': None}, {'term': 'disney', 'scheme': None, 'label': None}, {'term': 'leia', 'scheme': None, 'label': None}, {'term': 'ari oh', 'scheme': None, 'label': None}, {'term': 'zack vader', 'scheme': None, 'label': None}, {'term': 'solo', 'scheme': None, 'label': None}, {'term': 'zack yeah', 'scheme': None, 'label': None}, {'term': 'ethan gach', 'scheme': None, 'label': None}, {'term': 'lucasfilm', 'scheme': None, 'label': None}, {'term': 'ethan least', 'scheme': None, 'label': None}, {'term': 'qui gon', 'scheme': None, 'label': None}, {'term': 'hayden christensen', 'scheme': None, 'label': None}, {'term': 'darth maul', 'scheme': None, 'label': None}, {'term': 'zack qui gon', 'scheme': None, 'label': None}, {'term': 'ethan ari', 'scheme': None, 'label': None}, {'term': 'lightsaber', 'scheme': None, 'label': None}, {'term': 'sith', 'scheme': None, 'label': None}, {'term': 'grievous', 'scheme': None, 'label': None}, {'term': 'ari omg', 'scheme': None, 'label': None}, {'term': 'ari hahahah', 'scheme': None, 'label': None}, {'term': 'ethan zack', 'scheme': None, 'label': None}, {'term': 'ethan love', 'scheme': None, 'label': None}, {'term': 'honestly', 'scheme': None, 'label': None}, {'term': 'fictional characters', 'scheme': None, 'label': None}, {'term': 'ewan mcgregor', 'scheme': None, 'label': None}, {'term': 'ari notis', 'scheme': None, 'label': None}, {'term': 'fiction', 'scheme': None, 'label': None}, {'term': 'zack zwiezen', 'scheme': None, 'label': None}]",1849101661,False,"so, obi-wan. if nothing else, you can’t deny that it was a tv show, and that after six episodes, it has now ended its run on disney+, at least for now. obviously, kotaku’s biggest star wars nerds—ethan gach, ari notis, and, no surprise here for longtime readers, zack zwiezen—had to talk about the finale, the show’s…read more...",kotaku,,"Let’s Discuss The Mind-Blowing Ending To Obi-Wan so, obi-wan. if nothing else, you can’t deny that it was a tv show, and that after six episodes, it has now ended its run on disney+, at least for now. obviously, kotaku’s biggest star wars nerds—ethan gach, ari notis, and, no surprise here for longtime readers, zack zwiezen—had to talk about the finale, the show’s…read more...","['the show’s', 'obi', 'zack zwiezen', 'ethan gach', 'disney+', 'ari notis', 'six episodes', 'a tv show', 'its run', 'kotaku’s biggest star wars', 'longtime readers', 'the finale', 'wan', '’s']",2022-06-23 21:00:00
American Arcadia Is Reviving The Long-Lost Art Of Multiple-Perspective Games,"{'type': 'text/plain', 'language': None, 'base': 'https://kotaku.com/rss', 'value': 'American Arcadia Is Reviving The Long-Lost Art Of Multiple-Perspective Games'}",https://kotaku.com/american-arcadia-preview-raw-fury-call-of-the-sea-tribe-1849101531,"[{'rel': 'alternate', 'type': 'text/html', 'href': 'https://kotaku.com/american-arcadia-preview-raw-fury-call-of-the-sea-tribe-1849101531'}]",Ari Notis,[{'name': 'Ari Notis'}],"Thu, 23 Jun 2022 20:35:00 GMT","time.struct_time(tm_year=2022, tm_mon=6, tm_mday=23, tm_hour=20, tm_min=35, tm_sec=0, tm_wday=3, tm_yday=174, tm_isdst=0)","[{'term': 'arcadia', 'scheme': None, 'label': None}, {'term': 'golgo', 'scheme': None, 'label': None}, {'term': 'platform game', 'scheme': None, 'label': None}, {'term': 'trevor', 'scheme': None, 'label': None}, {'term': 'video game genres', 'scheme': None, 'label': None}, {'term': 'rpg', 'scheme': None, 'label': None}, {'term': 'side scrolling video game', 'scheme': None, 'label': None}, {'term': 'video gaming', 'scheme': None, 'label': None}, {'term': 'action game', 'scheme': None, 'label': None}, {'term': 'tatiana delgado', 'scheme': None, 'label': None}, {'term': 'game design', 'scheme': None, 'label': None}, {'term': 'out of the blue', 'scheme': None, 'label': None}, {'term': 'arcadia in the arts and popular culture', 'scheme': None, 'label': None}, {'term': 'video game design', 'scheme': None, 'label': None}, {'term': 'gus', 'scheme': None, 'label': None}, {'term': 'the truman show', 'scheme': None, 'label': None}, {'term': 'ubisoft', 'scheme': None, 'label': None}, {'term': 'angela', 'scheme': None, 'label': None}, {'term': 'crash bandicoot', 'scheme': None, 'label': None}]",1849101531,False,it’s not the sort of thing you often see in games these days.read more...,kotaku,1249040,American Arcadia Is Reviving The Long-Lost Art Of Multiple-Perspective Games it’s not the sort of thing you often see in games these days.read more...,"['multiple-perspective games', 'thing', 'american arcadia', 'games', 'the long-lost art']",2022-06-23 20:35:00
"Seven Minutes From American Arcadia: It's Like The Truman Show, But They’re Trying To Kill You","{'type': 'text/plain', 'language': None, 'base': 'https://kotaku.com/rss', 'value': ""Seven Minutes From American Arcadia: It's Like The Truman Show, But They’re Trying To Kill You""}",https://kotaku.com/american-arcadia-hybrid-3d-platformer-out-of-the-blue-g-1849101134,"[{'rel': 'alternate', 'type': 'text/html', 'href': 'https://kotaku.com/american-arcadia-hybrid-3d-platformer-out-of-the-blue-g-1849101134'}]",Eric Schulkin,[{'name': 'Eric Schulkin'}],"Thu, 23 Jun 2022 19:45:00 GMT","time.struct_time(tm_year=2022, tm_mon=6, tm_mday=23, tm_hour=19, tm_min=45, tm_sec=0, tm_wday=3, tm_yday=174, tm_isdst=0)","[{'term': 'arcadia', 'scheme': None, 'label': None}, {'term': 'truman', 'scheme': None, 'label': None}, {'term': 'the truman show', 'scheme': None, 'label': None}, {'term': 'presidency of harry s truman', 'scheme': None, 'label': None}, {'term': 'films', 'scheme': None, 'label': None}, {'term': 'creative works', 'scheme': None, 'label': None}, {'term': 'english language films', 'scheme': None, 'label': None}, {'term': 'harry s truman', 'scheme': None, 'label': None}, {'term': 'time person of the year', 'scheme': None, 'label': None}, {'term': 'haberdashers', 'scheme': None, 'label': None}, {'term': 'law crime', 'scheme': None, 'label': None}]",1849101134,False,read more...,kotaku,1062100,"Seven Minutes From American Arcadia: It's Like The Truman Show, But They’re Trying To Kill You read more...","['the truman show', 'american arcadia']",2022-06-23 19:45:00
"Crypto Miners Are Dumping Tons Of GPUs, So Maybe You Can Finally Get One","{'type': 'text/plain', 'language': None, 'base': 'https://kotaku.com/rss', 'value': 'Crypto Miners Are Dumping Tons Of GPUs, So Maybe You Can Finally Get One'}",https://kotaku.com/gpu-nvidia-crypto-miners-geforce-rtx-3060-used-flood-ma-1849101183,"[{'rel': 'alternate', 'type': 'text/html', 'href': 'https://kotaku.com/gpu-nvidia-crypto-miners-geforce-rtx-3060-used-flood-ma-1849101183'}]",Sisi Jiang,[{'name': 'Sisi Jiang'}],"Thu, 23 Jun 2022 19:25:18 GMT","time.struct_time(tm_year=2022, tm_mon=6, tm_mday=23, tm_hour=19, tm_min=25, tm_sec=18, tm_wday=3, tm_yday=174, tm_isdst=0)","[{'term': 'geforce', 'scheme': None, 'label': None}, {'term': 'graphics processing unit', 'scheme': None, 'label': None}, {'term': 'geforce 20 series', 'scheme': None, 'label': None}, {'term': 'computer architecture', 'scheme': None, 'label': None}, {'term': 'technology internet', 'scheme': None, 'label': None}, {'term': 'linus sebastian', 'scheme': None, 'label': None}, {'term': 'cryptocurrency', 'scheme': None, 'label': None}, {'term': 'technology', 'scheme': None, 'label': None}, {'term': 'hardware acceleration', 'scheme': None, 'label': None}, {'term': 'graphics cards', 'scheme': None, 'label': None}, {'term': 'nvidia', 'scheme': None, 'label': None}, {'term': 'computing', 'scheme': None, 'label': None}, {'term': 'gpgpu', 'scheme': None, 'label': None}, {'term': 'graphics hardware', 'scheme': None, 'label': None}]",1849101183,False,"the crypto market is continuing to fall, which has led a ton of miners to exit the market or to downscale their operations, thus finding themselves in possession of valuable computer components that they now no longer need. some such miners, many from china and south asia (where electricity is cheaper), are now taking…read more...",kotaku,,"Crypto Miners Are Dumping Tons Of GPUs, So Maybe You Can Finally Get One the crypto market is continuing to fall, which has led a ton of miners to exit the market or to downscale their operations, thus finding themselves in possession of valuable computer components that they now no longer need. some such miners, many from china and south asia (where electricity is cheaper), are now taking…read more...","['valuable computer components', 'electricity', 'china', 'miners', 'gpus', 'possession', 'south asia', 'the crypto market', 'the market', 'some such miners', 'their operations', 'tons', 'crypto miners', 'a ton']",2022-06-23 19:25:18
Your Summer 2022 Anime Guide,"{'type': 'text/plain', 'language': None, 'base': 'https://kotaku.com/rss', 'value': 'Your Summer 2022 Anime Guide'}",https://kotaku.com/anime-summer-season-netflix-crunchyroll-funimation-1849099905,"[{'rel': 'alternate', 'type': 'text/html', 'href': 'https://kotaku.com/anime-summer-season-netflix-crunchyroll-funimation-1849099905'}]",Isaiah Colbert,[{'name': 'Isaiah Colbert'}],"Thu, 23 Jun 2022 17:20:00 GMT","time.struct_time(tm_year=2022, tm_mon=6, tm_mday=23, tm_hour=17, tm_min=20, tm_sec=0, tm_wday=3, tm_yday=174, tm_isdst=0)","[{'term': 'anime', 'scheme': None, 'label': None}, {'term': 'animation', 'scheme': None, 'label': None}, {'term': 'satelight genre', 'scheme': None, 'label': None}, {'term': 'anime industry', 'scheme': None, 'label': None}, {'term': 'entertainment culture', 'scheme': None, 'label': None}, {'term': 'musashi', 'scheme': None, 'label': None}, {'term': 'the ghost', 'scheme': None, 'label': None}, {'term': 'mystery', 'scheme': None, 'label': None}, {'term': 'crunchyroll', 'scheme': None, 'label': None}, {'term': 'grimm', 'scheme': None, 'label': None}, {'term': 'sentence', 'scheme': None, 'label': None}, {'term': 'david production', 'scheme': None, 'label': None}, {'term': 'yuuri', 'scheme': None, 'label': None}, {'term': 'weiss schnee', 'scheme': None, 'label': None}, {'term': 'funimation', 'scheme': None, 'label': None}, {'term': 'netflix', 'scheme': None, 'label': None}, {'term': 'ai yazawa', 'scheme': None, 'label': None}, {'term': 'toonami', 'scheme': None, 'label': None}, {'term': 'berry', 'scheme': None, 'label': None}, {'term': 'aniplex', 'scheme': None, 'label': None}, {'term': 'scott pilgrim', 'scheme': None, 'label': None}, {'term': 'kakashi', 'scheme': None, 'label': None}, {'term': 'lilith', 'scheme': None, 'label': None}, {'term': 'world cup', 'scheme': None, 'label': None}, {'term': 'shonen manga', 'scheme': None, 'label': None}]",1849099905,False,"if you happen to be suffering from a general air of malaise following the spring time season and are looking to fill your summer with something fresh from the anime scene, well tough. kidding! summer is right around the corner and with it are a bunch of new anime to watch. read more...",kotaku,,"Your Summer 2022 Anime Guide if you happen to be suffering from a general air of malaise following the spring time season and are looking to fill your summer with something fresh from the anime scene, well tough. kidding! summer is right around the corner and with it are a bunch of new anime to watch. read more...","['a bunch', 'your summer', 'new anime', 'the anime scene', 'your summer 2022 anime guide', 'something', 'a general air', 'malaise', 'the spring time season', 'summer', 'the corner']",2022-06-23 17:20:00
Destiny 2 YouTube Takedown Revenge Plot Leads To $7.6 Million Bungie Lawsuit,"{'type': 'text/plain', 'language': None, 'base': 'https://kotaku.com/rss', 'value': 'Destiny 2 YouTube Takedown Revenge Plot Leads To $7.6 Million Bungie Lawsuit'}",https://kotaku.com/destiny-2-witch-queen-bungie-dmca-youtube-lawsuit-copyr-1849100023,"[{'rel': 'alternate', 'type': 'text/html', 'href': 'https://kotaku.com/destiny-2-witch-queen-bungie-dmca-youtube-lawsuit-copyr-1849100023'}]",Ethan Gach,[{'name': 'Ethan Gach'}],"Thu, 23 Jun 2022 17:00:00 GMT","time.struct_time(tm_year=2022, tm_mon=6, tm_mday=23, tm_hour=17, tm_min=0, tm_sec=0, tm_wday=3, tm_yday=174, tm_isdst=0)","[{'term': 'youtube', 'scheme': None, 'label': None}, {'term': 'destiny', 'scheme': None, 'label': None}, {'term': 'bungie', 'scheme': None, 'label': None}, {'term': 'nazo', 'scheme': None, 'label': None}, {'term': 'entertainment culture', 'scheme': None, 'label': None}, {'term': 'owen spence', 'scheme': None, 'label': None}, {'term': 'role playing video games', 'scheme': None, 'label': None}, {'term': 'google', 'scheme': None, 'label': None}, {'term': 'nanotechnology in fiction', 'scheme': None, 'label': None}, {'term': 'video gaming', 'scheme': None, 'label': None}, {'term': 'promethean', 'scheme': None, 'label': None}, {'term': 'notice and take down', 'scheme': None, 'label': None}, {'term': 'video games', 'scheme': None, 'label': None}, {'term': 'promethan', 'scheme': None, 'label': None}, {'term': 'nick minor', 'scheme': None, 'label': None}, {'term': 'creative works', 'scheme': None, 'label': None}, {'term': 'multiplayer video games', 'scheme': None, 'label': None}, {'term': 'digital millennium copyright act', 'scheme': None, 'label': None}, {'term': 'twitch', 'scheme': None, 'label': None}, {'term': 'online copyright infringement liability limitation act', 'scheme': None, 'label': None}, {'term': 'first person shooters', 'scheme': None, 'label': None}]",1849100023,False,"a spree of rogue dmca takedown notices for destiny 2 content on youtube earlier this year has now ballooned into a $7.6 million lawsuit, as bungie goes after the alleged perpetrator in court. in addition, some destiny 2 content creators now say they feel “betrayed” after the person who was seemingly responsible denied…read more...",kotaku,,"Destiny 2 YouTube Takedown Revenge Plot Leads To $7.6 Million Bungie Lawsuit a spree of rogue dmca takedown notices for destiny 2 content on youtube earlier this year has now ballooned into a $7.6 million lawsuit, as bungie goes after the alleged perpetrator in court. in addition, some destiny 2 content creators now say they feel “betrayed” after the person who was seemingly responsible denied…read more...","['rogue dmca takedown', 'youtube', 'destiny 2 content', '$7.6 million bungie lawsuit', 'a spree', 'addition', 'some destiny 2 content creators', 'the person', 'court', 'bungie', 'destiny 2 youtube takedown revenge plot', 'a $7.6 million lawsuit', 'the alleged perpetrator']",2022-06-23 17:00:00
Yuji Naka Confirms: Michael Jackson Composed Music For Sonic 3,"{'type': 'text/plain', 'language': None, 'base': 'https://kotaku.com/rss', 'value': 'Yuji Naka Confirms: Michael Jackson Composed Music For Sonic 3'}",https://kotaku.com/sonic-origins-yuji-naka-michael-jackson-carnival-night-1849099570,"[{'rel': 'alternate', 'type': 'text/html', 'href': 'https://kotaku.com/sonic-origins-yuji-naka-michael-jackson-carnival-night-1849099570'}]",Jeremy Winslow,[{'name': 'Jeremy Winslow'}],"Thu, 23 Jun 2022 16:05:00 GMT","time.struct_time(tm_year=2022, tm_mon=6, tm_mday=23, tm_hour=16, tm_min=5, tm_sec=0, tm_wday=3, tm_yday=174, tm_isdst=0)","[{'term': 'sonic', 'scheme': None, 'label': None}, {'term': 'yuji naka', 'scheme': None, 'label': None}, {'term': 'michael jackson', 'scheme': None, 'label': None}, {'term': 'video games developed in japan', 'scheme': None, 'label': None}, {'term': 'creative works', 'scheme': None, 'label': None}, {'term': 'windows games', 'scheme': None, 'label': None}, {'term': 'sonic origins', 'scheme': None, 'label': None}, {'term': 'sonic the hedgehog', 'scheme': None, 'label': None}, {'term': 'sonic knuckles', 'scheme': None, 'label': None}, {'term': 'brad buxer', 'scheme': None, 'label': None}, {'term': 'platform games', 'scheme': None, 'label': None}, {'term': 'ice cap', 'scheme': None, 'label': None}, {'term': 'video games', 'scheme': None, 'label': None}, {'term': 'side scrolling video games', 'scheme': None, 'label': None}, {'term': 'entertainment culture', 'scheme': None, 'label': None}, {'term': 'single player video games', 'scheme': None, 'label': None}, {'term': 'sega', 'scheme': None, 'label': None}]",1849099570,False,"what a way to break some news, huh? on twitter, sonic the hedgehog creator yuji naka said the quiet part out loud: michael jackson definitely, totally composed some music for the 1994 sega genesis game, sonic the hedgehog 3. unfortunately, naka followed up the confirmation that this long-running myth is a bonafide…read more...",kotaku,1794960,"Yuji Naka Confirms: Michael Jackson Composed Music For Sonic 3 what a way to break some news, huh? on twitter, sonic the hedgehog creator yuji naka said the quiet part out loud: michael jackson definitely, totally composed some music for the 1994 sega genesis game, sonic the hedgehog 3. unfortunately, naka followed up the confirmation that this long-running myth is a bonafide…read more...","['michael jackson', 'some news', 'music', 'twitter', 'the quiet part', 'sonic', 'some music', 'this long-running myth', 'a bonafide', 'yuji', 'the 1994 sega genesis game', 'the confirmation', 'naka', 'the hedgehog creator']",2022-06-23 16:05:00
"Vampire Survivors’ New Character Is, Uh…A Tree That Doesn’t Move At All","{'type': 'text/plain', 'language': None, 'base': 'https://kotaku.com/rss', 'value': 'Vampire Survivors’ New Character Is, Uh…A Tree That Doesn’t Move At All'}",https://kotaku.com/vampire-survivors-playable-tree-secret-peppino-beta-upd-1849096695,"[{'rel': 'alternate', 'type': 'text/html', 'href': 'https://kotaku.com/vampire-survivors-playable-tree-secret-peppino-beta-upd-1849096695'}]",Zack Zwiezen,[{'name': 'Zack Zwiezen'}],"Thu, 23 Jun 2022 13:30:00 GMT","time.struct_time(tm_year=2022, tm_mon=6, tm_mday=23, tm_hour=13, tm_min=30, tm_sec=0, tm_wday=3, tm_yday=174, tm_isdst=0)","[{'term': 'vampire survivors', 'scheme': None, 'label': None}, {'term': 'creative works', 'scheme': None, 'label': None}, {'term': 'software', 'scheme': None, 'label': None}, {'term': 'windows games', 'scheme': None, 'label': None}, {'term': 'single player video games', 'scheme': None, 'label': None}, {'term': 'castlevania', 'scheme': None, 'label': None}, {'term': 'horror video games', 'scheme': None, 'label': None}, {'term': 'video games', 'scheme': None, 'label': None}, {'term': 'hp', 'scheme': None, 'label': None}]",1849096695,False,"i’ve not played a lot of vampire survivors, but i know that moving around, dodging enemies, and running about are key parts of the game. so it’s a bit odd that the surprise hit’s newest secret character, just added in its latest beta update, is a fruit tree that doesn’t move. but don’t be fooled: this tree is…read more...",kotaku,1794680,"Vampire Survivors’ New Character Is, Uh…A Tree That Doesn’t Move At All i’ve not played a lot of vampire survivors, but i know that moving around, dodging enemies, and running about are key parts of the game. so it’s a bit odd that the surprise hit’s newest secret character, just added in its latest beta update, is a fruit tree that doesn’t move. but don’t be fooled: this tree is…read more...","['this tree', 'a tree', 'its latest beta update', 'enemies', 'the game', 'a lot', 'vampire survivors’ new character', 'the surprise', 'vampire survivors', 'a fruit tree', 'key parts', '’s newest secret character']",2022-06-23 13:30:00
‘Near-Impossible’ No Man’s Sky Switch Port Coming October 7,"{'type': 'text/plain', 'language': None, 'base': 'https://kotaku.com/rss', 'value': '‘Near-Impossible’ No Man’s Sky Switch Port Coming October 7'}",https://kotaku.com/no-man-s-sky-nintendo-switch-hello-games-sean-murray-ps-1849096661,"[{'rel': 'alternate', 'type': 'text/html', 'href': 'https://kotaku.com/no-man-s-sky-nintendo-switch-hello-games-sean-murray-ps-1849096661'}]",Ian Walker,[{'name': 'Ian Walker'}],"Thu, 23 Jun 2022 13:00:00 GMT","time.struct_time(tm_year=2022, tm_mon=6, tm_mday=23, tm_hour=13, tm_min=0, tm_sec=0, tm_wday=3, tm_yday=174, tm_isdst=0)","[{'term': 'procedural generation', 'scheme': None, 'label': None}, {'term': 'sean murray', 'scheme': None, 'label': None}, {'term': 'windows games', 'scheme': None, 'label': None}, {'term': 'hello games', 'scheme': None, 'label': None}, {'term': 'sky uk', 'scheme': None, 'label': None}, {'term': 'no mans sky', 'scheme': None, 'label': None}, {'term': 'video games', 'scheme': None, 'label': None}]",1849096661,False,"hello games is bringing massive spacefaring sim no man’s sky and most of its updates from the past six years to switch on october 7, the company announced this morning. a physical edition of the complete, remastered playstation 5 version is also planned for the same day.read more...",kotaku,,"‘Near-Impossible’ No Man’s Sky Switch Port Coming October 7 hello games is bringing massive spacefaring sim no man’s sky and most of its updates from the past six years to switch on october 7, the company announced this morning. a physical edition of the complete, remastered playstation 5 version is also planned for the same day.read more...","['the past six years', 'its updates', 'massive spacefaring sim', 'the complete, remastered playstation 5 version', 'a physical edition', '‘near-impossible’ no man’s sky switch port coming october 7 hello games', 'the same day.read', 'no man’s sky', 'the company', 'october']",2022-06-23 13:00:00
Super Mario Odyssey Mod Adds 10-Player Multiplayer,"{'type': 'text/plain', 'language': None, 'base': 'https://kotaku.com/rss', 'value': 'Super Mario Odyssey Mod Adds 10-Player Multiplayer'}",https://kotaku.com/super-mario-odyssey-mod-switch-10-player-co-op-nintendo-1849083672,"[{'rel': 'alternate', 'type': 'text/html', 'href': 'https://kotaku.com/super-mario-odyssey-mod-switch-10-player-co-op-nintendo-1849083672'}]",Luke Plunkett,[{'name': 'Luke Plunkett'}],"Thu, 23 Jun 2022 02:50:00 GMT","time.struct_time(tm_year=2022, tm_mon=6, tm_mday=23, tm_hour=2, tm_min=50, tm_sec=0, tm_wday=3, tm_yday=174, tm_isdst=0)","[{'term': 'super mario odyssey', 'scheme': None, 'label': None}, {'term': 'mario', 'scheme': None, 'label': None}, {'term': 'video games developed in japan', 'scheme': None, 'label': None}, {'term': 'nintendo', 'scheme': None, 'label': None}, {'term': 'marios', 'scheme': None, 'label': None}, {'term': 'video gaming', 'scheme': None, 'label': None}, {'term': 'video games', 'scheme': None, 'label': None}, {'term': 'video game consoles', 'scheme': None, 'label': None}, {'term': 'nintendo switch', 'scheme': None, 'label': None}]",1849083672,False,"super mario odyssey on the nintendo switch? it’s a 1.5-player joint (it’s not true co-op, nobody wants to be the hat). this modded version of super mario odyssey? well, it’s a 10-player game, which makes it looks more like the super mario multiverse.read more...",kotaku,,"Super Mario Odyssey Mod Adds 10-Player Multiplayer super mario odyssey on the nintendo switch? it’s a 1.5-player joint (it’s not true co-op, nobody wants to be the hat). this modded version of super mario odyssey? well, it’s a 10-player game, which makes it looks more like the super mario multiverse.read more...","['a 10-player game', 'op', 'the hat', 'this modded version', '-', 'nobody', 'the super mario', 'the nintendo switch', 'mario odyssey mod', 'odyssey', 'co', 'super mario', 'a 1.5-player joint']",2022-06-23 02:50:00
Yakuza Fan Is Fixing The PS2 Original's Mistakes,"{'type': 'text/plain', 'language': None, 'base': 'https://kotaku.com/rss', 'value': ""Yakuza Fan Is Fixing The PS2 Original's Mistakes""}",https://kotaku.com/yakuza-sega-ps2-subtitles-mod-project-localization-orig-1849096632,"[{'rel': 'alternate', 'type': 'text/html', 'href': 'https://kotaku.com/yakuza-sega-ps2-subtitles-mod-project-localization-orig-1849096632'}]",Luke Plunkett,[{'name': 'Luke Plunkett'}],"Thu, 23 Jun 2022 00:00:00 GMT","time.struct_time(tm_year=2022, tm_mon=6, tm_mday=23, tm_hour=0, tm_min=0, tm_sec=0, tm_wday=3, tm_yday=174, tm_isdst=0)","[{'term': 'yakuza', 'scheme': None, 'label': None}, {'term': 'ps2', 'scheme': None, 'label': None}, {'term': 'video games developed in japan', 'scheme': None, 'label': None}, {'term': 'single player video games', 'scheme': None, 'label': None}, {'term': 'playstation 2', 'scheme': None, 'label': None}, {'term': 'video game sequels', 'scheme': None, 'label': None}, {'term': 'action adventure games', 'scheme': None, 'label': None}, {'term': 'sega', 'scheme': None, 'label': None}, {'term': 'video games', 'scheme': None, 'label': None}, {'term': 'michael madsen', 'scheme': None, 'label': None}, {'term': 'creative works', 'scheme': None, 'label': None}, {'term': 'like a dragon', 'scheme': None, 'label': None}, {'term': 'mark hamill', 'scheme': None, 'label': None}, {'term': 'eliza dushku', 'scheme': None, 'label': None}]",1849096632,False,"it’s easy to forget in 2022, now that it feels like we get a new or remastered yakuza game every six months, that for a very long time the series was mia from western shores. in large part this was down to the disastrous decisions made by sega for the original game’s release back in 2006.read more...",kotaku,,"Yakuza Fan Is Fixing The PS2 Original's Mistakes it’s easy to forget in 2022, now that it feels like we get a new or remastered yakuza game every six months, that for a very long time the series was mia from western shores. in large part this was down to the disastrous decisions made by sega for the original game’s release back in 2006.read more...","['yakuza fan', 'a very long time', 'the original game’s release', 'western shores', 'a new or remastered yakuza game', ""the ps2 original's mistakes"", 'the disastrous decisions', 'large part', 'sega', 'the series']",2022-06-23 00:00:00
Here’s How To Cheat Your Way Around KOTOR II’s Game-Breaking Crash On Switch,"{'type': 'text/plain', 'language': None, 'base': 'https://kotaku.com/rss', 'value': 'Here’s How To Cheat Your Way Around KOTOR II’s Game-Breaking Crash On Switch'}",https://kotaku.com/kotor-2-switch-bug-fix-star-wars-crash-onderon-cheat-sw-1849095888,"[{'rel': 'alternate', 'type': 'text/html', 'href': 'https://kotaku.com/kotor-2-switch-bug-fix-star-wars-crash-onderon-cheat-sw-1849095888'}]",Sisi Jiang,[{'name': 'Sisi Jiang'}],"Wed, 22 Jun 2022 21:30:00 GMT","time.struct_time(tm_year=2022, tm_mon=6, tm_mday=22, tm_hour=21, tm_min=30, tm_sec=0, tm_wday=2, tm_yday=173, tm_isdst=0)","[{'term': 'star wars knights of the old republic ii the sith lords', 'scheme': None, 'label': None}, {'term': 'software', 'scheme': None, 'label': None}, {'term': 'windows games', 'scheme': None, 'label': None}, {'term': 'role playing video games', 'scheme': None, 'label': None}, {'term': 'aspyr', 'scheme': None, 'label': None}, {'term': 'video game sequels', 'scheme': None, 'label': None}, {'term': 'kotaku', 'scheme': None, 'label': None}, {'term': 'video games', 'scheme': None, 'label': None}, {'term': 'jedi', 'scheme': None, 'label': None}, {'term': 'single player video games', 'scheme': None, 'label': None}, {'term': 'nintendo', 'scheme': None, 'label': None}, {'term': 'onderon', 'scheme': None, 'label': None}, {'term': 'wii system software', 'scheme': None, 'label': None}, {'term': 'star wars knights of the old republic', 'scheme': None, 'label': None}, {'term': 'cheating in video games', 'scheme': None, 'label': None}]",1849095888,False,"this week aspyr, the studio behind the nintendo switch port of knights of the old republic ii: the sith lords, acknowledged the existence of a bug that caused the game to crash during the main quest, preventing at least some players from completing the game. read more...",kotaku,,"Here’s How To Cheat Your Way Around KOTOR II’s Game-Breaking Crash On Switch this week aspyr, the studio behind the nintendo switch port of knights of the old republic ii: the sith lords, acknowledged the existence of a bug that caused the game to crash during the main quest, preventing at least some players from completing the game. read more...","['the main quest', 'kotor ii’s game-breaking crash', 'your way', 'at least some players', 'the old republic ii', 'a bug', 'the game', 'the existence', 'the nintendo switch port', 'switch', 'the studio', 'the sith lords', 'knights']",2022-06-22 21:30:00
"Sony’s Skipping Gamescom 2022, So Forget About Any God Of War Ragnarök News","{'type': 'text/plain', 'language': None, 'base': 'https://kotaku.com/rss', 'value': 'Sony’s Skipping Gamescom 2022, So Forget About Any God Of War Ragnarök News'}",https://kotaku.com/sony-gamescom-2022-onl-opening-night-playstation-god-of-1849095480,"[{'rel': 'alternate', 'type': 'text/html', 'href': 'https://kotaku.com/sony-gamescom-2022-onl-opening-night-playstation-god-of-1849095480'}]",Zack Zwiezen,[{'name': 'Zack Zwiezen'}],"Wed, 22 Jun 2022 20:45:00 GMT","time.struct_time(tm_year=2022, tm_mon=6, tm_mday=22, tm_hour=20, tm_min=45, tm_sec=0, tm_wday=2, tm_yday=173, tm_isdst=0)","[{'term': 'gamescom', 'scheme': None, 'label': None}, {'term': 'god of war', 'scheme': None, 'label': None}, {'term': 'sony', 'scheme': None, 'label': None}, {'term': 'take two interactive', 'scheme': None, 'label': None}, {'term': 'video gaming in germany', 'scheme': None, 'label': None}, {'term': 'activision blizzard', 'scheme': None, 'label': None}, {'term': 'geoff keighley', 'scheme': None, 'label': None}, {'term': 'entertainment', 'scheme': None, 'label': None}, {'term': 'video game industry', 'scheme': None, 'label': None}, {'term': 'articles', 'scheme': None, 'label': None}, {'term': 'e3', 'scheme': None, 'label': None}, {'term': 'nintendo', 'scheme': None, 'label': None}, {'term': 'microsoft', 'scheme': None, 'label': None}, {'term': 'video gaming', 'scheme': None, 'label': None}]",1849095480,False,"one of the largest video game brands in the world, playstation, has confirmed that it will not be a part of the annual gamescom 2022 trade show, nor will it have any big news or announcements to share during the opening night live event hosted by video game pope, geoff keighley. it joins other companies skipping the…read more...",kotaku,1593500,"Sony’s Skipping Gamescom 2022, So Forget About Any God Of War Ragnarök News one of the largest video game brands in the world, playstation, has confirmed that it will not be a part of the annual gamescom 2022 trade show, nor will it have any big news or announcements to share during the opening night live event hosted by video game pope, geoff keighley. it joins other companies skipping the…read more...","['the world', 'a part', 'any god', 'sony', 'playstation', 'war ragnarök news', 'any big news', 'geoff keighley', 'live event', 'the opening night', 'other companies', 'the annual gamescom 2022 trade show', 'the largest video game brands', 'announcements', 'video game pope', 'skipping gamescom']",2022-06-22 20:45:00
Vilifying Amber Heard Shows We Learned Nothing From GamerGate,"{'type': 'text/plain', 'language': None, 'base': 'https://kotaku.com/rss', 'value': 'Vilifying Amber Heard Shows We Learned Nothing From GamerGate'}",https://kotaku.com/amber-heard-johnny-depp-trial-gamergate-me-too-twitch-1849095122,"[{'rel': 'alternate', 'type': 'text/html', 'href': 'https://kotaku.com/amber-heard-johnny-depp-trial-gamergate-me-too-twitch-1849095122'}]",Ashley Bardhan,[{'name': 'Ashley Bardhan'}],"Wed, 22 Jun 2022 20:05:00 GMT","time.struct_time(tm_year=2022, tm_mon=6, tm_mday=22, tm_hour=20, tm_min=5, tm_sec=0, tm_wday=2, tm_yday=173, tm_isdst=0)","[{'term': 'amber heard', 'scheme': None, 'label': None}, {'term': 'gamergate', 'scheme': None, 'label': None}, {'term': 'heard', 'scheme': None, 'label': None}, {'term': 'paul bettany', 'scheme': None, 'label': None}, {'term': 'metoo movement', 'scheme': None, 'label': None}, {'term': 'mariska hargitay', 'scheme': None, 'label': None}, {'term': 'hunter s thompson', 'scheme': None, 'label': None}, {'term': 'american people of german descent', 'scheme': None, 'label': None}, {'term': 'american television series', 'scheme': None, 'label': None}, {'term': 'twitch', 'scheme': None, 'label': None}, {'term': 'peaches', 'scheme': None, 'label': None}, {'term': 'mason', 'scheme': None, 'label': None}, {'term': 'britney spears', 'scheme': None, 'label': None}, {'term': 'spokespersons', 'scheme': None, 'label': None}, {'term': 'sexual harassment', 'scheme': None, 'label': None}, {'term': 'lara crofts', 'scheme': None, 'label': None}, {'term': 'jane eyre', 'scheme': None, 'label': None}, {'term': 's thompson', 'scheme': None, 'label': None}, {'term': 'tiktok', 'scheme': None, 'label': None}, {'term': 'television series', 'scheme': None, 'label': None}, {'term': 'harvey weinstein', 'scheme': None, 'label': None}, {'term': 'hashtags', 'scheme': None, 'label': None}, {'term': 'johnny depp', 'scheme': None, 'label': None}, {'term': 'actors', 'scheme': None, 'label': None}]",1849095122,False,"“she’s not a perfect victim,” mariska hargitay says in law and order: svu. recent headlines say the same about amber heard. heard said as much about herself. “but,” hargitay says, “she is not making this up.” read more...",kotaku,,"Vilifying Amber Heard Shows We Learned Nothing From GamerGate “she’s not a perfect victim,” mariska hargitay says in law and order: svu. recent headlines say the same about amber heard. heard said as much about herself. “but,” hargitay says, “she is not making this up.” read more...","['order', 'amber', 'recent headlines', 'heard', '” hargitay', 'a perfect victim', 'mariska hargitay', 'vilifying amber', 'nothing', 'law', 'shows']",2022-06-22 20:05:00
"No, Amazon, I Didn’t Mean ‘Fire Emblem Warriors: Three Holes’","{'type': 'text/plain', 'language': None, 'base': 'https://kotaku.com/rss', 'value': 'No, Amazon, I Didn’t Mean ‘Fire Emblem Warriors: Three Holes’'}",https://kotaku.com/fire-emblem-warriors-three-hopes-holes-nintendo-amazon-1849095149,"[{'rel': 'alternate', 'type': 'text/html', 'href': 'https://kotaku.com/fire-emblem-warriors-three-hopes-holes-nintendo-amazon-1849095149'}]",Ian Walker,[{'name': 'Ian Walker'}],"Wed, 22 Jun 2022 19:50:00 GMT","time.struct_time(tm_year=2022, tm_mon=6, tm_mday=22, tm_hour=19, tm_min=50, tm_sec=0, tm_wday=2, tm_yday=173, tm_isdst=0)","[{'term': 'emblem', 'scheme': None, 'label': None}, {'term': 'fire emblem', 'scheme': None, 'label': None}, {'term': 'fire emblem warriors', 'scheme': None, 'label': None}, {'term': 'video games developed in japan', 'scheme': None, 'label': None}, {'term': 'jeff bezos', 'scheme': None, 'label': None}, {'term': 'strategy video games', 'scheme': None, 'label': None}, {'term': 'bezos', 'scheme': None, 'label': None}, {'term': 'creative works', 'scheme': None, 'label': None}, {'term': 'three houses', 'scheme': None, 'label': None}, {'term': 'amazon river', 'scheme': None, 'label': None}, {'term': 'amazon rainforest', 'scheme': None, 'label': None}, {'term': 'yuri', 'scheme': None, 'label': None}, {'term': 'video games', 'scheme': None, 'label': None}]",1849095149,False,"if you, like me, were intrigued by the recent smattering of fire emblem warriors: three hopes reviews and went looking for a copy on amazon, the online retailer probably responded with a funny question: “did you mean fire emblem warriors: three holes?” thank you for asking, bezos-mart, but no, i literally didn’t mean…read more...",kotaku,,"No, Amazon, I Didn’t Mean ‘Fire Emblem Warriors: Three Holes’ if you, like me, were intrigued by the recent smattering of fire emblem warriors: three hopes reviews and went looking for a copy on amazon, the online retailer probably responded with a funny question: “did you mean fire emblem warriors: three holes?” thank you for asking, bezos-mart, but no, i literally didn’t mean…read more...","['a copy', 'the online retailer', 'a funny question', 'amazon', '‘fire emblem warriors', 'the recent smattering', 'reviews', 'bezos', 'mart', 'three holes', 'fire emblem warriors']",2022-06-22 19:50:00
Splatoon 3 Has Shown Tons Of Cool New Stuff Lately,"{'type': 'text/plain', 'language': None, 'base': 'https://kotaku.com/rss', 'value': 'Splatoon 3 Has Shown Tons Of Cool New Stuff Lately'}",https://kotaku.com/nintendo-splatoon-3-switch-september-release-date-inkli-1849094870,"[{'rel': 'alternate', 'type': 'text/html', 'href': 'https://kotaku.com/nintendo-splatoon-3-switch-september-release-date-inkli-1849094870'}]",Jeremy Winslow,[{'name': 'Jeremy Winslow'}],"Wed, 22 Jun 2022 19:35:00 GMT","time.struct_time(tm_year=2022, tm_mon=6, tm_mday=22, tm_hour=19, tm_min=35, tm_sec=0, tm_wday=2, tm_yday=173, tm_isdst=0)","[{'term': 'splatoon', 'scheme': None, 'label': None}, {'term': 'video games developed in japan', 'scheme': None, 'label': None}, {'term': 'third person shooters', 'scheme': None, 'label': None}, {'term': 'video game sequels', 'scheme': None, 'label': None}, {'term': 'video game characters', 'scheme': None, 'label': None}, {'term': 'nintendo switch', 'scheme': None, 'label': None}, {'term': 'front roe', 'scheme': None, 'label': None}, {'term': 'video games', 'scheme': None, 'label': None}, {'term': 'inkling', 'scheme': None, 'label': None}, {'term': 'nintendo', 'scheme': None, 'label': None}]",1849094870,False,"nintendo has been showing off a lotta splatoon 3 on twitter lately, and idk if you’ve been paying attention, but everything in the upcoming colorful shooter is looking sick. there are new customization options for your character, more weapons to experiment with, an additional map to play on, a look at the octolings,…read more...",kotaku,,"Splatoon 3 Has Shown Tons Of Cool New Stuff Lately nintendo has been showing off a lotta splatoon 3 on twitter lately, and idk if you’ve been paying attention, but everything in the upcoming colorful shooter is looking sick. there are new customization options for your character, more weapons to experiment with, an additional map to play on, a look at the octolings,…read more...","[', more weapons to experiment with, an additional map', 'a look', 'a lotta', 'the octolings,', 'your character', 'twitter', 'splatoon', 'tons', 'attention', 'everything', 'the upcoming colorful shooter', 'cool new stuff', 'new customization options']",2022-06-22 19:35:00
"PlayStation’s Big Summer Sale Is On, And It’s Actually Not Bad","{'type': 'text/plain', 'language': None, 'base': 'https://kotaku.com/rss', 'value': 'PlayStation’s Big Summer Sale Is On, And It’s Actually Not Bad'}",https://kotaku.com/playstation-summer-sale-2022-ps4-ps5-sekiro-assassins-c-1849094943,"[{'rel': 'alternate', 'type': 'text/html', 'href': 'https://kotaku.com/playstation-summer-sale-2022-ps4-ps5-sekiro-assassins-c-1849094943'}]",Ari Notis,[{'name': 'Ari Notis'}],"Wed, 22 Jun 2022 19:20:00 GMT","time.struct_time(tm_year=2022, tm_mon=6, tm_mday=22, tm_hour=19, tm_min=20, tm_sec=0, tm_wday=2, tm_yday=173, tm_isdst=0)","[{'term': 'playstation', 'scheme': None, 'label': None}, {'term': 'assassins creed', 'scheme': None, 'label': None}, {'term': 'the witcher 3', 'scheme': None, 'label': None}, {'term': 'creative works', 'scheme': None, 'label': None}, {'term': 'windows games', 'scheme': None, 'label': None}, {'term': 'ubisoft', 'scheme': None, 'label': None}, {'term': 'sekiro shadows die twice', 'scheme': None, 'label': None}, {'term': 'video game publishers', 'scheme': None, 'label': None}, {'term': 'sony', 'scheme': None, 'label': None}, {'term': 'fromsoftware', 'scheme': None, 'label': None}, {'term': 'video games', 'scheme': None, 'label': None}, {'term': 'bandai namco', 'scheme': None, 'label': None}, {'term': 'video games developed in japan', 'scheme': None, 'label': None}, {'term': 'square enix', 'scheme': None, 'label': None}, {'term': 'single player video games', 'scheme': None, 'label': None}, {'term': 'rpg', 'scheme': None, 'label': None}, {'term': 'action adventure games', 'scheme': None, 'label': None}]",1849094943,False,"at this point, it almost seems silly to pay full price for a playstation game. fresh on the heels of one big sale for playstation 4 and playstation 5, sony has kicked off another. it’s not as good as last month’s, but it’s not bad, especially for those who’ve been holding off on some of the bigger games of last…read more...",kotaku,,"PlayStation’s Big Summer Sale Is On, And It’s Actually Not Bad at this point, it almost seems silly to pay full price for a playstation game. fresh on the heels of one big sale for playstation 4 and playstation 5, sony has kicked off another. it’s not as good as last month’s, but it’s not bad, especially for those who’ve been holding off on some of the bigger games of last…read more...","['the heels', 'another', 'last month', 'the bigger games', 'a playstation game', 'this point', 'playstation', 'sony', 'full price', 'playstation’s big summer sale', 'one big sale']",2022-06-22 19:20:00
"Final Fantasy XVI Will Be Darker And More Mature, Says Producer","{'type': 'text/plain', 'language': None, 'base': 'https://kotaku.com/rss', 'value': 'Final Fantasy XVI Will Be Darker And More Mature, Says Producer'}",https://kotaku.com/final-fantasy-xvi-ffxiv-yoshi-p-naoki-yoshida-square-en-1849094421,"[{'rel': 'alternate', 'type': 'text/html', 'href': 'https://kotaku.com/final-fantasy-xvi-ffxiv-yoshi-p-naoki-yoshida-square-en-1849094421'}]",Sisi Jiang,[{'name': 'Sisi Jiang'}],"Wed, 22 Jun 2022 18:20:00 GMT","time.struct_time(tm_year=2022, tm_mon=6, tm_mday=22, tm_hour=18, tm_min=20, tm_sec=0, tm_wday=2, tm_yday=173, tm_isdst=0)","[{'term': 'final fantasy', 'scheme': None, 'label': None}, {'term': 'massively multiplayer online role playing games', 'scheme': None, 'label': None}, {'term': 'video games developed in japan', 'scheme': None, 'label': None}, {'term': 'video game remakes', 'scheme': None, 'label': None}, {'term': 'windows games', 'scheme': None, 'label': None}, {'term': 'role playing video games', 'scheme': None, 'label': None}, {'term': 'naoki yoshida', 'scheme': None, 'label': None}, {'term': 'rpg', 'scheme': None, 'label': None}, {'term': 'video gaming', 'scheme': None, 'label': None}, {'term': 'video games', 'scheme': None, 'label': None}]",1849094421,False,final fantasy xvi producer naoki yoshida said in recent interviews that the latest entry in the long-running jrpg series will tackle “more mature” themes than its predecessors.read more...,kotaku,,"Final Fantasy XVI Will Be Darker And More Mature, Says Producer final fantasy xvi producer naoki yoshida said in recent interviews that the latest entry in the long-running jrpg series will tackle “more mature” themes than its predecessors.read more...","['final fantasy xvi', 'its predecessors.read', 'the long-running jrpg series', 'the latest entry', '“more mature” themes', 'producer final fantasy xvi producer naoki yoshida', 'recent interviews']",2022-06-22 18:20:00
